Model,RMSE,R2 Score
ARIMA,2.0497844375808825,0.9971718569288368
Prophet,46.265346080349055,-16.13030452058069
LSTM,3.7071981524714785,0.991146460487569
